title,service_detail
Linkedin,Follow Us
info@techifysolutions.com,Email Us
+91 72030 54040,Inquiry / Sales
+91 78620 63131,HR / Job / Vacancy
Linkedin,Follow Us
info@techifysolutions.com,Email Us
+91 72030 54040,Inquiry / Sales
+91 78620 63131,HR / Job / Vacancy
Linkedin,Follow Us
info@techifysolutions.com,Email Us
+91 72030 54040,Inquiry / Sales
+91 78620 63131,HR / Job / Vacancy
Product Development,"We offer full-cycle Product Development Services, from product research to UI/UX design, development, and launch."
Mobile Application Development,Transform your ideas into powerful mobile apps with our expert mobile application development services.
Cloud Computing Services,"Cloud Computing offer scalability, flexibility, and cost-efficiency, enabling businesses and individuals to store, manage, and process data"
DevOps and Automation,"Streamline your development lifecycle with our DevOps solutions, combining automation, collaboration, and continuous integration."
UI UX Design and Development Services,Transform user experiences into captivating journeys and make your product successful with our expert UI/UX development services.
Software Architecture and Re-architecture Services,"We collaborates closely with your organization to understand your business, which enables us to design architectures that align perfectly with your objectives."
Application Testing Services,"We offer comprehensive testing for your mobile and web app, from beginning to end, to ensure seamless functionality."
Application Maintenance Services,"Experience hassle-free application maintenance and support services with Techify. Streamline operations, ensure data-driven decisions, and enhance system efficiency."
API Development Services,We have the expertise and resources to help you build a high-quality API for seamless connectivity and to enhanced digital experiences
Web Application Development,Transform your ideas into reality with our expert web application development services. Crafting innovative solutions for your business.
Digital Transformation,"Experience enhanced business performance with Techify’s comprehensive digital transformation services. Streamline operations, amplify efficiency, and stay competitive."
CRM Solutions and Services,"From custom CRM development to platform integration like SFDC, SFMC and HubSpot, we redefine CRM excellence."
Generative AI,Our team of experts develops Generative AI solutions with capabilities like ChatGPT and Bard to revolutionize your business operations.
IT Advisory and Consulting,"Benefit from Techify’s comprehensive IT advisory and consulting services. Optimize projects, architecture, and more with our expert guidance."
IT Staff Augmentation,Access top-tier IT talent with Techify’s dedicated staff augmentation services. Scale your team on-demand and save up to 40% on costs.
Ahmedabad,India
Wyoming,USA
info@techifysolutions.com,Email Support
